{
  "count": 374,
  "min_meters": 100.29900778365145,
  "max_meters": 1813.1617189434849,
  "mean_meters": 201.5176133018792,
  "median_meters": 150.20667729573097,
  "std_meters": 163.2859390728344,
  "range_counts": {
    "100-500 m": 359,
    "500-1000 m": 13,
    "1000-5000 m": 2
  }
}